name,alpha_iou,mean_diff,pct_gt128,pct_gt16,pct_gt64,pixels
angus_bull_adult_front_left_v0,0.99984,0.147,0.0,0.086,0.0,68540
angus_bull_adult_front_right_v0,0.99984,0.147,0.0,0.086,0.001,68552
angus_bull_adult_side_left_v0,0.99987,0.089,0.0,0.017,0.0,93918
angus_bull_adult_side_right_v0,0.99988,0.085,0.0,0.018,0.0,93915
angus_bull_calf_front_left_v0,0.99997,0.191,0.0,0.096,0.0,31358
angus_bull_calf_front_right_v0,0.9999,0.187,0.0,0.089,0.0,31355
angus_bull_calf_side_left_v0,0.99985,0.171,0.0,0.083,0.0,33546
angus_bull_calf_side_right_v0,0.99985,0.163,0.0,0.069,0.0,33543
angus_cow_adult_front_left_v0,0.99986,0.147,0.0,0.08,0.0,50151
angus_cow_adult_front_right_v0,0.99992,0.146,0.0,0.08,0.0,50146
angus_cow_adult_side_left_v0,0.99992,0.091,0.0,0.018,0.0,65051
angus_cow_adult_side_right_v0,0.99991,0.093,0.0,0.025,0.0,65047
angus_cow_calf_front_left_v0,0.99994,0.239,0.0,0.053,0.0,17114
angus_cow_calf_front_right_v0,0.99994,0.241,0.0,0.029,0.0,17132
angus_cow_calf_side_left_v0,0.9998,0.201,0.0,0.134,0.0,20096
angus_cow_calf_side_right_v0,0.99985,0.2,0.0,0.134,0.0,20091
buffalo_bull_adult_front_left_v0,0.99993,0.147,0.0,0.062,0.0,61474
buffalo_bull_adult_front_right_v0,0.99988,0.148,0.0,0.06,0.0,61484
buffalo_bull_adult_side_left_v0,0.99995,0.128,0.0,0.037,0.0,80698
buffalo_bull_adult_side_right_v0,0.99991,0.139,0.0,0.09,0.002,80719
buffalo_bull_calf_front_left_v0,0.99989,0.194,0.0,0.041,0.0,26527
buffalo_bull_calf_front_right_v0,0.99985,0.196,0.0,0.049,0.0,26533
buffalo_bull_calf_side_left_v0,0.99975,0.196,0.0,0.021,0.007,27946
buffalo_bull_calf_side_right_v0,0.99978,0.187,0.0,0.021,0.004,27958
buffalo_cow_adult_front_left_v0,0.99993,0.152,0.0,0.043,0.0,43720
buffalo_cow_adult_front_right_v0,0.99988,0.153,0.0,0.048,0.0,43712
buffalo_cow_adult_side_left_v0,0.99993,0.137,0.0,0.048,0.0,56021
buffalo_cow_adult_side_right_v0,0.99993,0.132,0.0,0.052,0.0,56038
buffalo_cow_calf_front_left_v0,0.99986,0.328,0.0,0.23,0.0,14340
buffalo_cow_calf_front_right_v0,0.99986,0.329,0.0,0.23,0.0,14337
buffalo_cow_calf_side_left_v0,0.99963,0.259,0.0,0.137,0.0,16743
buffalo_cow_calf_side_right_v0,0.99982,0.253,0.0,0.155,0.0,16726
charolais_bull_adult_front_left_v0,0.99989,0.167,0.0,0.143,0.0,56680
charolais_bull_adult_front_right_v0,0.99982,0.164,0.0,0.148,0.0,56684
charolais_bull_adult_side_left_v0,0.99984,0.11,0.0,0.078,0.0,76650
charolais_bull_adult_side_right_v0,0.99995,0.108,0.0,0.083,0.0,76657
charolais_bull_calf_front_left_v0,0.99961,0.249,0.0,0.176,0.0,26164
charolais_bull_calf_front_right_v0,0.99969,0.25,0.0,0.195,0.0,26167
charolais_bull_calf_side_left_v0,0.99989,0.19,0.0,0.21,0.0,27570
charolais_bull_calf_side_right_v0,0.99967,0.187,0.0,0.218,0.0,27568
charolais_cow_adult_front_left_v0,0.9999,0.158,0.0,0.116,0.0,41227
charolais_cow_adult_front_right_v0,0.99988,0.155,0.0,0.114,0.0,41220
charolais_cow_adult_side_left_v0,0.9999,0.135,0.0,0.123,0.0,52809
charolais_cow_adult_side_right_v0,0.99994,0.134,0.0,0.121,0.0,52817
charolais_cow_calf_front_left_v0,0.99986,0.267,0.0,0.174,0.0,14389
charolais_cow_calf_front_right_v0,0.99986,0.269,0.0,0.195,0.0,14390
charolais_cow_calf_side_left_v0,0.99988,0.264,0.0,0.241,0.012,16626
charolais_cow_calf_side_right_v0,0.99982,0.263,0.0,0.228,0.018,16634
chocolate_bull_adult_front_left_v0,0.99994,0.169,0.0,0.057,0.0,47779
chocolate_bull_adult_front_right_v0,0.99992,0.165,0.0,0.05,0.0,47782
chocolate_bull_adult_side_left_v0,0.99995,0.148,0.0,0.065,0.0,60463
chocolate_bull_adult_side_right_v0,0.99998,0.148,0.0,0.066,0.0,60468
chocolate_bull_calf_front_left_v0,0.99991,0.244,0.0,0.041,0.0,21941
chocolate_bull_calf_front_right_v0,1.0,0.241,0.0,0.046,0.0,21937
chocolate_bull_calf_side_left_v0,0.99968,0.285,0.0,0.178,0.009,22487
chocolate_bull_calf_side_right_v0,0.99977,0.284,0.0,0.187,0.009,22486
chocolate_cow_adult_front_left_v0,0.99997,0.223,0.0,0.108,0.0,33466
chocolate_cow_adult_front_right_v0,1.0,0.227,0.0,0.108,0.0,33477
chocolate_cow_adult_side_left_v0,0.99998,0.166,0.0,0.06,0.0,41422
chocolate_cow_adult_side_right_v0,0.99993,0.161,0.0,0.058,0.0,41420
chocolate_cow_calf_front_left_v0,0.99983,0.386,0.0,0.275,0.0,11998
chocolate_cow_calf_front_right_v0,0.99983,0.382,0.0,0.267,0.0,12004
chocolate_cow_calf_side_left_v0,0.99931,0.366,0.0,0.327,0.0,13445
chocolate_cow_calf_side_right_v0,0.99924,0.364,0.0,0.342,0.0,13446
cottonCandy_bull_adult_front_left_v0,0.99993,0.131,0.0,0.088,0.0,55387
cottonCandy_bull_adult_front_right_v0,0.99995,0.129,0.0,0.094,0.0,55385
cottonCandy_bull_adult_side_left_v0,0.99992,0.101,0.0,0.049,0.0,71972
cottonCandy_bull_adult_side_right_v0,0.9999,0.1,0.0,0.043,0.0,71978
cottonCandy_bull_calf_front_left_v0,0.99992,0.203,0.0,0.147,0.0,24449
cottonCandy_bull_calf_front_right_v0,0.99996,0.209,0.0,0.164,0.0,24434
cottonCandy_bull_calf_side_left_v0,0.9996,0.217,0.0,0.118,0.0,25468
cottonCandy_bull_calf_side_right_v0,0.99988,0.211,0.0,0.126,0.0,25477
cottonCandy_cow_adult_front_left_v0,0.99979,0.212,0.0,0.237,0.0,39278
cottonCandy_cow_adult_front_right_v0,0.99977,0.21,0.0,0.239,0.0,39278
cottonCandy_cow_adult_side_left_v0,0.9999,0.124,0.0,0.088,0.0,49754
cottonCandy_cow_adult_side_right_v0,0.99988,0.119,0.0,0.076,0.0,49757
cottonCandy_cow_calf_front_left_v0,0.99969,0.325,0.0,0.219,0.0,13271
cottonCandy_cow_calf_front_right_v0,0.99969,0.325,0.0,0.226,0.0,13264
cottonCandy_cow_calf_side_left_v0,0.99953,0.266,0.0,0.157,0.0,15331
cottonCandy_cow_calf_side_right_v0,0.9998,0.255,0.0,0.176,0.0,15338
cottonCream_bull_adult_front_left_v0,0.99978,0.178,0.0,0.188,0.0,49904
cottonCream_bull_adult_front_right_v0,0.99972,0.178,0.0,0.194,0.0,49908
cottonCream_bull_adult_side_left_v0,0.99984,0.116,0.0,0.085,0.0,63839
cottonCream_bull_adult_side_right_v0,0.99978,0.116,0.0,0.085,0.0,63844
cottonCream_bull_calf_front_left_v0,0.99973,0.193,0.0,0.123,0.0,22750
cottonCream_bull_calf_front_right_v0,0.99973,0.19,0.0,0.119,0.0,22745
cottonCream_bull_calf_side_left_v0,0.99996,0.163,0.0,0.144,0.0,22975
cottonCream_bull_calf_side_right_v0,1.0,0.165,0.0,0.135,0.0,22974
cottonCream_cow_adult_front_left_v0,0.9998,0.231,0.0,0.204,0.0,35220
cottonCream_cow_adult_front_right_v0,0.99974,0.232,0.0,0.202,0.0,35224
cottonCream_cow_adult_side_left_v0,0.99993,0.139,0.0,0.096,0.005,43708
cottonCream_cow_adult_side_right_v0,0.99991,0.136,0.0,0.117,0.0,43724
cottonCream_cow_calf_front_left_v0,0.99967,0.295,0.0,0.258,0.0,12392
cottonCream_cow_calf_front_right_v0,0.99967,0.294,0.0,0.258,0.0,12391
cottonCream_cow_calf_side_left_v0,0.99985,0.239,0.0,0.123,0.0,13823
cottonCream_cow_calf_side_right_v0,0.99985,0.231,0.0,0.145,0.0,13837
fluffyHolstein_bull_adult_front_left_v0,0.99978,0.225,0.0,0.239,0.0,60184
fluffyHolstein_bull_adult_front_right_v0,0.99975,0.223,0.0,0.238,0.0,60189
fluffyHolstein_bull_adult_side_left_v0,0.99983,0.114,0.0,0.06,0.0,78152
fluffyHolstein_bull_adult_side_right_v0,0.99987,0.11,0.0,0.056,0.0,78153
fluffyHolstein_bull_calf_front_left_v0,0.99993,0.227,0.0,0.147,0.0,27208
fluffyHolstein_bull_calf_front_right_v0,0.99989,0.232,0.0,0.151,0.0,27209
fluffyHolstein_bull_calf_side_left_v0,0.99964,0.204,0.0,0.086,0.0,27928
fluffyHolstein_bull_calf_side_right_v0,0.99978,0.191,0.0,0.068,0.0,27935
fluffyHolstein_cow_adult_front_left_v0,0.9996,0.258,0.0,0.217,0.002,42766
fluffyHolstein_cow_adult_front_right_v0,0.99953,0.257,0.0,0.21,0.0,42771
fluffyHolstein_cow_adult_side_left_v0,0.99991,0.136,0.0,0.085,0.0,53845
fluffyHolstein_cow_adult_side_right_v0,0.99991,0.131,0.0,0.085,0.0,53856
fluffyHolstein_cow_calf_front_left_v0,0.99979,0.341,0.0,0.319,0.007,14729
fluffyHolstein_cow_calf_front_right_v0,0.99986,0.345,0.0,0.326,0.007,14731
fluffyHolstein_cow_calf_side_left_v0,0.99945,0.255,0.0,0.108,0.0,16706
fluffyHolstein_cow_calf_side_right_v0,0.99994,0.244,0.0,0.114,0.0,16714
fluffyWagyu_bull_adult_front_left_v0,0.99975,0.238,0.0,0.156,0.0,77049
fluffyWagyu_bull_adult_front_right_v0,0.99976,0.238,0.0,0.151,0.0,77052
fluffyWagyu_bull_adult_side_left_v0,0.99992,0.18,0.0,0.054,0.0,107802
fluffyWagyu_bull_adult_side_right_v0,0.99989,0.181,0.0,0.051,0.0,107823
fluffyWagyu_bull_calf_front_left_v0,0.99988,0.283,0.0,0.101,0.0,34631
fluffyWagyu_bull_calf_front_right_v0,0.99988,0.284,0.0,0.101,0.0,34632
fluffyWagyu_bull_calf_side_left_v0,0.99984,0.269,0.0,0.069,0.003,37765
fluffyWagyu_bull_calf_side_right_v0,0.99981,0.271,0.0,0.09,0.0,37762
fluffyWagyu_cow_adult_front_left_v0,0.99966,0.276,0.0,0.168,0.002,56068
fluffyWagyu_cow_adult_front_right_v0,0.99978,0.275,0.0,0.173,0.002,56107
fluffyWagyu_cow_adult_side_left_v0,0.99995,0.19,0.0,0.015,0.0,74409
fluffyWagyu_cow_adult_side_right_v0,0.99992,0.193,0.0,0.023,0.0,74402
fluffyWagyu_cow_calf_front_left_v0,0.99984,0.381,0.0,0.158,0.0,18938
fluffyWagyu_cow_calf_front_right_v0,1.0,0.384,0.0,0.169,0.0,18948
fluffyWagyu_cow_calf_side_left_v0,1.0,0.299,0.0,0.035,0.0,22656
fluffyWagyu_cow_calf_side_right_v0,1.0,0.303,0.0,0.04,0.0,22659
galloway_bull_adult_front_left_v0,0.99977,0.215,0.0,0.129,0.001,75920
galloway_bull_adult_front_right_v0,0.99977,0.215,0.0,0.138,0.001,75926
galloway_bull_adult_side_left_v0,0.9999,0.173,0.0,0.074,0.001,106236
galloway_bull_adult_side_right_v0,0.99991,0.173,0.0,0.08,0.002,106236
galloway_bull_calf_front_left_v0,0.99988,0.263,0.0,0.118,0.0,34663
galloway_bull_calf_front_right_v0,0.99991,0.263,0.0,0.113,0.0,34664
galloway_bull_calf_side_left_v0,0.99992,0.246,0.0,0.072,0.0,37750
galloway_bull_calf_side_right_v0,0.99997,0.244,0.0,0.074,0.0,37753
galloway_cow_adult_front_left_v0,0.99989,0.238,0.0,0.106,0.0,55645
galloway_cow_adult_front_right_v0,0.99976,0.239,0.0,0.12,0.0,55690
galloway_cow_adult_side_left_v0,0.99992,0.17,0.0,0.012,0.0,73741
galloway_cow_adult_side_right_v0,0.99997,0.17,0.0,0.014,0.0,73739
galloway_cow_calf_front_left_v0,0.99989,0.364,0.0,0.127,0.0,18926
galloway_cow_calf_front_right_v0,0.99973,0.359,0.0,0.111,0.0,18924
galloway_cow_calf_side_left_v0,0.99986,0.305,0.0,0.053,0.0,22616
galloway_cow_calf_side_right_v0,0.99986,0.305,0.0,0.053,0.0,22617
glossBlack_bull_adult_front_left_v0,0.99978,0.221,0.0,0.115,0.0,54872
glossBlack_bull_adult_front_right_v0,0.99978,0.211,0.0,0.115,0.0,54883
glossBlack_bull_adult_side_left_v0,0.99986,0.116,0.0,0.042,0.001,71216
glossBlack_bull_adult_side_right_v0,0.99987,0.113,0.0,0.044,0.001,71206
glossBlack_bull_calf_front_left_v0,0.99992,0.257,0.0,0.109,0.0,24699
glossBlack_bull_calf_front_right_v0,0.99988,0.241,0.0,0.109,0.0,24694
glossBlack_bull_calf_side_left_v0,0.9992,0.212,0.0,0.138,0.0,25410
glossBlack_bull_calf_side_right_v0,0.99936,0.211,0.0,0.134,0.0,25418
glossBlack_cow_adult_front_left_v0,0.99987,0.28,0.0,0.288,0.0,38852
glossBlack_cow_adult_front_right_v0,0.99984,0.27,0.0,0.27,0.0,38843
glossBlack_cow_adult_side_left_v0,0.99981,0.177,0.0,0.129,0.0,48855
glossBlack_cow_adult_side_right_v0,0.99985,0.174,0.0,0.117,0.0,48851
glossBlack_cow_calf_front_left_v0,0.99985,0.342,0.0,0.232,0.0,13383
glossBlack_cow_calf_front_right_v0,0.99985,0.336,0.0,0.202,0.0,13383
glossBlack_cow_calf_side_left_v0,0.99966,0.27,0.0,0.099,0.0,15176
glossBlack_cow_calf_side_right_v0,0.99966,0.257,0.0,0.099,0.007,15150
goldenEar_bull_adult_front_left_v0,0.99985,0.23,0.0,0.173,0.0,54878
goldenEar_bull_adult_front_right_v0,0.99987,0.228,0.0,0.171,0.0,54879
goldenEar_bull_adult_side_left_v0,0.99979,0.191,0.0,0.096,0.0,70692
goldenEar_bull_adult_side_right_v0,0.99987,0.194,0.0,0.1,0.0,70677
goldenEar_bull_calf_front_left_v0,0.9997,0.338,0.0,0.233,0.0,24075
goldenEar_bull_calf_front_right_v0,0.99966,0.336,0.0,0.245,0.0,24070
goldenEar_bull_calf_side_left_v0,0.99972,0.318,0.0,0.267,0.0,25451
goldenEar_bull_calf_side_right_v0,0.99964,0.309,0.0,0.236,0.0,25449
goldenEar_cow_adult_front_left_v0,0.99997,0.223,0.0,0.106,0.0,38576
goldenEar_cow_adult_front_right_v0,0.99992,0.226,0.0,0.109,0.0,38575
goldenEar_cow_adult_side_left_v0,0.99973,0.252,0.0,0.197,0.0,48775
goldenEar_cow_adult_side_right_v0,0.99969,0.255,0.0,0.23,0.0,48790
goldenEar_cow_calf_front_left_v0,0.99977,0.462,0.0,0.396,0.0,13147
goldenEar_cow_calf_front_right_v0,0.99969,0.435,0.0,0.319,0.0,13150
goldenEar_cow_calf_side_left_v0,0.99986,0.506,0.0,0.499,0.0,15225
goldenEar_cow_calf_side_right_v0,0.99986,0.503,0.0,0.479,0.0,15233
highland_bull_adult_front_left_v0,0.99988,0.12,0.0,0.039,0.0,66664
highland_bull_adult_front_right_v0,0.99989,0.119,0.0,0.036,0.0,66668
highland_bull_adult_side_left_v0,0.99983,0.119,0.0,0.082,0.0,88255
highland_bull_adult_side_right_v0,0.99983,0.117,0.0,0.076,0.0,88251
highland_bull_calf_front_left_v0,0.99986,0.199,0.0,0.099,0.0,29253
highland_bull_calf_front_right_v0,0.99993,0.198,0.0,0.109,0.0,29255
highland_bull_calf_side_left_v0,0.99987,0.157,0.0,0.1,0.0,30949
highland_bull_calf_side_right_v0,0.99997,0.154,0.0,0.09,0.0,30966
highland_cow_adult_front_left_v0,0.99977,0.177,0.0,0.109,0.0,47582
highland_cow_adult_front_right_v0,0.99985,0.174,0.0,0.101,0.0,47587
highland_cow_adult_side_left_v0,0.9999,0.12,0.0,0.08,0.002,61320
highland_cow_adult_side_right_v0,0.99988,0.117,0.0,0.077,0.002,61300
highland_cow_calf_front_left_v0,0.99961,0.26,0.0,0.165,0.0,15789
highland_cow_calf_front_right_v0,0.99968,0.256,0.0,0.171,0.0,15788
highland_cow_calf_side_left_v0,0.99978,0.206,0.0,0.113,0.0,18515
highland_cow_calf_side_right_v0,0.99983,0.196,0.0,0.108,0.0,18524
holstein_bull_adult_front_left_v0,0.99978,0.235,0.0,0.222,0.0,54872
holstein_bull_adult_front_right_v0,0.99978,0.241,0.0,0.226,0.0,54883
holstein_bull_adult_side_left_v0,0.99987,0.124,0.0,0.096,0.0,71088
holstein_bull_adult_side_right_v0,0.9999,0.122,0.0,0.101,0.0,71071
holstein_bull_calf_front_left_v0,0.99992,0.266,0.0,0.215,0.0,24699
holstein_bull_calf_front_right_v0,0.99988,0.265,0.0,0.215,0.0,24694
holstein_bull_calf_side_left_v0,0.9992,0.237,0.0,0.248,0.0,25394
holstein_bull_calf_side_right_v0,0.99936,0.229,0.0,0.268,0.0,25409
holstein_cow_adult_front_left_v0,0.99987,0.249,0.0,0.208,0.0,38852
holstein_cow_adult_front_right_v0,0.99984,0.248,0.0,0.224,0.0,38843
holstein_cow_adult_side_left_v0,0.99983,0.178,0.0,0.129,0.0,48742
holstein_cow_adult_side_right_v0,0.99985,0.173,0.0,0.137,0.0,48743
holstein_cow_calf_front_left_v0,0.99985,0.378,0.0,0.433,0.007,13383
holstein_cow_calf_front_right_v0,0.99985,0.379,0.0,0.433,0.007,13383
holstein_cow_calf_side_left_v0,0.99966,0.289,0.0,0.171,0.0,15164
holstein_cow_calf_side_right_v0,0.99973,0.277,0.0,0.198,0.0,15144
honey_bull_adult_front_left_v0,0.99992,0.223,0.0,0.291,0.002,51155
honey_bull_adult_front_right_v0,0.99994,0.223,0.0,0.283,0.002,51155
honey_bull_adult_side_left_v0,0.99986,0.163,0.0,0.157,0.0,65790
honey_bull_adult_side_right_v0,0.99986,0.154,0.0,0.158,0.0,65799
honey_bull_calf_front_left_v0,0.99982,0.262,0.0,0.225,0.0,22180
honey_bull_calf_front_right_v0,0.99991,0.265,0.0,0.221,0.0,22177
honey_bull_calf_side_left_v0,0.99991,0.216,0.0,0.178,0.0,22978
honey_bull_calf_side_right_v0,0.99965,0.206,0.0,0.117,0.0,22983
honey_cow_adult_front_left_v0,0.99992,0.174,0.0,0.088,0.0,36159
honey_cow_adult_front_right_v0,0.99992,0.178,0.0,0.094,0.0,36151
honey_cow_adult_side_left_v0,0.99984,0.166,0.0,0.114,0.018,45446
honey_cow_adult_side_right_v0,0.99982,0.162,0.0,0.125,0.015,45455
honey_cow_calf_front_left_v0,0.99992,0.284,0.0,0.149,0.0,12057
honey_cow_calf_front_right_v0,0.99975,0.283,0.0,0.124,0.0,12056
honey_cow_calf_side_left_v0,0.99978,0.257,0.0,0.145,0.0,13825
honey_cow_calf_side_right_v0,0.99978,0.25,0.0,0.159,0.0,13810
jersey_bull_adult_front_left_v0,0.99991,0.17,0.0,0.173,0.0,45564
jersey_bull_adult_front_right_v0,0.99991,0.171,0.0,0.173,0.0,45566
jersey_bull_adult_side_left_v0,0.99991,0.123,0.0,0.091,0.0,58072
jersey_bull_adult_side_right_v0,0.99995,0.124,0.0,0.091,0.0,58081
jersey_bull_calf_front_left_v0,0.99985,0.232,0.0,0.232,0.0,20677
jersey_bull_calf_front_right_v0,0.9998,0.231,0.0,0.227,0.0,20680
jersey_bull_calf_side_left_v0,0.99976,0.254,0.0,0.244,0.0,20876
jersey_bull_calf_side_right_v0,0.9998,0.251,0.0,0.263,0.0,20882
jersey_cow_adult_front_left_v0,0.99971,0.262,0.0,0.271,0.0,32072
jersey_cow_adult_front_right_v0,0.99981,0.264,0.0,0.256,0.0,32067
jersey_cow_adult_side_left_v0,0.99992,0.166,0.0,0.146,0.003,39608
jersey_cow_adult_side_right_v0,0.99995,0.165,0.0,0.149,0.0,39607
jersey_cow_calf_front_left_v0,0.99982,0.364,0.0,0.451,0.0,11296
jersey_cow_calf_front_right_v0,0.99973,0.359,0.0,0.452,0.0,11295
jersey_cow_calf_side_left_v0,0.9991,0.333,0.0,0.335,0.0,12539
jersey_cow_calf_side_right_v0,0.99926,0.329,0.0,0.343,0.0,12529
milkTea_bull_adult_front_left_v0,0.99975,0.17,0.0,0.127,0.0,48979
milkTea_bull_adult_front_right_v0,0.99975,0.169,0.0,0.122,0.0,48983
milkTea_bull_adult_side_left_v0,0.99977,0.164,0.0,0.162,0.002,65384
milkTea_bull_adult_side_right_v0,0.99974,0.164,0.0,0.15,0.0,65400
milkTea_bull_calf_front_left_v0,0.99982,0.238,0.0,0.216,0.0,22180
milkTea_bull_calf_front_right_v0,0.99991,0.24,0.0,0.212,0.0,22177
milkTea_bull_calf_side_left_v0,0.99996,0.207,0.0,0.191,0.0,23038
milkTea_bull_calf_side_right_v0,0.9996,0.197,0.0,0.126,0.0,23037
milkTea_cow_adult_front_left_v0,0.99974,0.168,0.0,0.093,0.0,34485
milkTea_cow_adult_front_right_v0,0.99979,0.166,0.0,0.101,0.0,34484
milkTea_cow_adult_side_left_v0,0.99982,0.16,0.0,0.101,0.007,44495
milkTea_cow_adult_side_right_v0,0.99993,0.155,0.0,0.108,0.007,44491
milkTea_cow_calf_front_left_v0,0.99992,0.252,0.0,0.124,0.0,12057
milkTea_cow_calf_front_right_v0,0.99975,0.251,0.0,0.1,0.0,12056
milkTea_cow_calf_side_left_v0,0.99985,0.243,0.0,0.152,0.0,13825
milkTea_cow_calf_side_right_v0,0.99993,0.236,0.0,0.138,0.0,13814
shaggyBuffalo_bull_adult_front_left_v0,0.99985,0.151,0.0,0.09,0.002,66522
shaggyBuffalo_bull_adult_front_right_v0,0.99986,0.146,0.0,0.089,0.0,66534
shaggyBuffalo_bull_adult_side_left_v0,0.99986,0.105,0.0,0.044,0.002,89338
shaggyBuffalo_bull_adult_side_right_v0,0.99982,0.1,0.0,0.049,0.002,89337
shaggyBuffalo_bull_calf_front_left_v0,0.99986,0.189,0.0,0.034,0.0,29253
shaggyBuffalo_bull_calf_front_right_v0,0.99993,0.186,0.0,0.034,0.0,29255
shaggyBuffalo_bull_calf_side_left_v0,0.99987,0.15,0.0,0.045,0.0,30969
shaggyBuffalo_bull_calf_side_right_v0,0.99997,0.146,0.0,0.052,0.0,30989
shaggyBuffalo_cow_adult_front_left_v0,0.99985,0.171,0.0,0.08,0.0,47497
shaggyBuffalo_cow_adult_front_right_v0,0.99981,0.168,0.0,0.076,0.0,47469
shaggyBuffalo_cow_adult_side_left_v0,0.99979,0.117,0.0,0.06,0.0,62099
shaggyBuffalo_cow_adult_side_right_v0,0.99984,0.115,0.0,0.055,0.0,62117
shaggyBuffalo_cow_calf_front_left_v0,0.99961,0.246,0.0,0.089,0.0,15789
shaggyBuffalo_cow_calf_front_right_v0,0.99968,0.242,0.0,0.089,0.0,15788
shaggyBuffalo_cow_calf_side_left_v0,0.99973,0.2,0.0,0.059,0.0,18528
shaggyBuffalo_cow_calf_side_right_v0,0.99984,0.185,0.0,0.065,0.0,18544
starry_bull_adult_front_left_v0,0.9996,0.331,0.0,0.442,0.0,58584
starry_bull_adult_front_right_v0,0.99962,0.327,0.0,0.437,0.0,58587
starry_bull_adult_side_left_v0,0.99999,0.196,0.0,0.195,0.009,79400
starry_bull_adult_side_right_v0,0.99992,0.193,0.0,0.19,0.008,79406
starry_bull_calf_front_left_v0,0.99969,0.389,0.0,0.422,0.004,26514
starry_bull_calf_front_right_v0,0.99996,0.389,0.0,0.392,0.0,26524
starry_bull_calf_side_left_v0,0.99993,0.25,0.0,0.201,0.0,28353
starry_bull_calf_side_right_v0,0.99989,0.243,0.0,0.176,0.0,28353
starry_cow_adult_front_left_v0,0.99964,0.323,0.0,0.365,0.014,42153
starry_cow_adult_front_right_v0,0.99969,0.318,0.0,0.372,0.009,42167
starry_cow_adult_side_left_v0,0.99993,0.204,0.0,0.171,0.0,54353
starry_cow_adult_side_right_v0,0.99998,0.202,0.0,0.166,0.0,54369
starry_cow_calf_front_left_v0,0.99993,0.41,0.0,0.343,0.027,14581
starry_cow_calf_front_right_v0,0.99986,0.401,0.0,0.329,0.021,14584
starry_cow_calf_side_left_v0,0.99964,0.395,0.0,0.316,0.0,17081
starry_cow_calf_side_right_v0,0.99958,0.377,0.0,0.316,0.0,17062
strawberry_bull_adult_front_left_v0,0.99993,0.254,0.0,0.211,0.0,46418
strawberry_bull_adult_front_right_v0,0.99996,0.25,0.0,0.209,0.0,46417
strawberry_bull_adult_side_left_v0,0.9999,0.254,0.0,0.249,0.0,59354
strawberry_bull_adult_side_right_v0,0.99998,0.258,0.0,0.259,0.0,59361
strawberry_bull_calf_front_left_v0,0.99995,0.441,0.0,0.562,0.0,21156
strawberry_bull_calf_front_right_v0,1.0,0.444,0.0,0.601,0.0,21147
strawberry_bull_calf_side_left_v0,0.99967,0.491,0.0,0.62,0.009,21622
strawberry_bull_calf_side_right_v0,0.99976,0.479,0.0,0.629,0.009,21627
strawberry_cow_adult_front_left_v0,0.99994,0.407,0.0,0.601,0.0,32609
strawberry_cow_adult_front_right_v0,1.0,0.413,0.0,0.601,0.006,32612
strawberry_cow_adult_side_left_v0,0.99997,0.462,0.0,0.863,0.002,40540
strawberry_cow_adult_side_right_v0,0.99992,0.46,0.0,0.858,0.002,40537
strawberry_cow_calf_front_left_v0,0.99982,0.569,0.0,0.666,0.0,11561
strawberry_cow_calf_front_right_v0,0.99991,0.567,0.0,0.666,0.0,11562
strawberry_cow_calf_side_left_v0,0.99929,0.589,0.0,0.686,0.0,12976
strawberry_cow_calf_side_right_v0,0.99929,0.594,0.0,0.717,0.0,12967
velvetBlack_bull_adult_front_left_v0,0.99978,0.205,0.0,0.163,0.0,60184
velvetBlack_bull_adult_front_right_v0,0.99975,0.205,0.0,0.166,0.002,60189
velvetBlack_bull_adult_side_left_v0,0.99986,0.108,0.0,0.01,0.0,78322
velvetBlack_bull_adult_side_right_v0,0.99987,0.105,0.0,0.01,0.0,78323
velvetBlack_bull_calf_front_left_v0,0.99993,0.206,0.0,0.062,0.0,27208
velvetBlack_bull_calf_front_right_v0,0.99989,0.205,0.0,0.059,0.0,27209
velvetBlack_bull_calf_side_left_v0,0.99964,0.173,0.0,0.032,0.0,27946
velvetBlack_bull_calf_side_right_v0,0.99982,0.167,0.0,0.043,0.0,27951
velvetBlack_cow_adult_front_left_v0,0.9996,0.265,0.0,0.281,0.0,42766
velvetBlack_cow_adult_front_right_v0,0.99953,0.264,0.0,0.278,0.0,42771
velvetBlack_cow_adult_side_left_v0,0.99991,0.128,0.0,0.031,0.0,53976
velvetBlack_cow_adult_side_right_v0,0.99991,0.116,0.0,0.013,0.0,53987
velvetBlack_cow_calf_front_left_v0,0.99979,0.319,0.0,0.204,0.0,14729
velvetBlack_cow_calf_front_right_v0,0.99986,0.325,0.0,0.217,0.0,14731
velvetBlack_cow_calf_side_left_v0,0.99939,0.225,0.0,0.048,0.0,16720
velvetBlack_cow_calf_side_right_v0,0.99994,0.215,0.0,0.066,0.0,16722
wagyu_bull_adult_front_left_v0,0.99988,0.147,0.0,0.066,0.0,70036
wagyu_bull_adult_front_right_v0,0.99984,0.147,0.0,0.07,0.0,70053
wagyu_bull_adult_side_left_v0,0.99983,0.116,0.0,0.024,0.0,96075
wagyu_bull_adult_side_right_v0,0.99985,0.114,0.0,0.03,0.0,96065
wagyu_bull_calf_front_left_v0,0.99987,0.199,0.0,0.083,0.0,31403
wagyu_bull_calf_front_right_v0,0.9999,0.195,0.0,0.073,0.0,31407
wagyu_bull_calf_side_left_v0,0.99979,0.184,0.0,0.053,0.0,33734
wagyu_bull_calf_side_right_v0,0.99961,0.176,0.0,0.044,0.0,33710
wagyu_cow_adult_front_left_v0,0.99972,0.16,0.0,0.094,0.0,50797
wagyu_cow_adult_front_right_v0,0.99972,0.158,0.0,0.098,0.0,50808
wagyu_cow_adult_side_left_v0,0.99983,0.138,0.0,0.071,0.005,66094
wagyu_cow_adult_side_right_v0,0.99992,0.133,0.0,0.074,0.006,66084
wagyu_cow_calf_front_left_v0,0.9997,0.384,0.0,0.379,0.0,17147
wagyu_cow_calf_front_right_v0,0.99976,0.39,0.0,0.408,0.0,17154
wagyu_cow_calf_side_left_v0,0.9997,0.193,0.0,0.054,0.0,20198
wagyu_cow_calf_side_right_v0,0.9998,0.184,0.0,0.05,0.0,20192
whiteFleece_bull_adult_front_left_v0,0.99994,0.219,0.0,0.139,0.0,62758
whiteFleece_bull_adult_front_right_v0,0.99997,0.214,0.0,0.127,0.0,62760
whiteFleece_bull_adult_side_left_v0,0.99987,0.206,0.0,0.113,0.0,86588
whiteFleece_bull_adult_side_right_v0,0.99983,0.204,0.0,0.109,0.0,86602
whiteFleece_bull_calf_front_left_v0,0.99975,0.294,0.0,0.142,0.0,28875
whiteFleece_bull_calf_front_right_v0,0.99968,0.294,0.0,0.125,0.0,28888
whiteFleece_bull_calf_side_left_v0,0.99993,0.282,0.0,0.116,0.0,31024
whiteFleece_bull_calf_side_right_v0,0.99993,0.274,0.0,0.116,0.0,31015
whiteFleece_cow_adult_front_left_v0,0.9998,0.284,0.0,0.151,0.0,45682
whiteFleece_cow_adult_front_right_v0,0.99973,0.286,0.0,0.153,0.0,45678
whiteFleece_cow_adult_side_left_v0,0.99983,0.232,0.0,0.112,0.0,59815
whiteFleece_cow_adult_side_right_v0,0.99985,0.227,0.0,0.117,0.0,59814
whiteFleece_cow_calf_front_left_v0,0.99936,0.432,0.0,0.296,0.0,15867
whiteFleece_cow_calf_front_right_v0,0.99955,0.432,0.0,0.328,0.0,15876
whiteFleece_cow_calf_side_left_v0,0.99989,0.451,0.0,0.315,0.011,18705
whiteFleece_cow_calf_side_right_v0,0.99984,0.438,0.0,0.315,0.011,18706
whiteWagyu_bull_adult_front_left_v0,0.99962,0.242,0.0,0.31,0.0,58039
whiteWagyu_bull_adult_front_right_v0,0.99963,0.244,0.0,0.327,0.0,58041
whiteWagyu_bull_adult_side_left_v0,0.99999,0.113,0.0,0.073,0.0,78385
whiteWagyu_bull_adult_side_right_v0,0.99992,0.11,0.0,0.074,0.0,78391
whiteWagyu_bull_calf_front_left_v0,0.99977,0.257,0.0,0.187,0.0,26183
whiteWagyu_bull_calf_front_right_v0,0.99996,0.259,0.0,0.202,0.0,26193
whiteWagyu_bull_calf_side_left_v0,0.99993,0.177,0.0,0.159,0.0,27718
whiteWagyu_bull_calf_side_right_v0,0.99993,0.172,0.0,0.155,0.0,27718
whiteWagyu_cow_adult_front_left_v0,0.99964,0.193,0.0,0.143,0.0,41821
whiteWagyu_cow_adult_front_right_v0,0.99968,0.19,0.0,0.148,0.0,41831
whiteWagyu_cow_adult_side_left_v0,0.99992,0.129,0.0,0.116,0.0,53618
whiteWagyu_cow_adult_side_right_v0,0.99998,0.125,0.0,0.11,0.0,53640
whiteWagyu_cow_calf_front_left_v0,0.99993,0.256,0.0,0.146,0.0,14397
whiteWagyu_cow_calf_front_right_v0,0.99979,0.255,0.0,0.16,0.0,14400
whiteWagyu_cow_calf_side_left_v0,0.99976,0.346,0.0,0.359,0.0,16705
whiteWagyu_cow_calf_side_right_v0,0.99951,0.319,0.0,0.336,0.0,16690
yellow_bull_adult_front_left_v0,0.99983,0.152,0.0,0.141,0.0,59019
yellow_bull_adult_front_right_v0,0.99988,0.153,0.0,0.147,0.0,59002
yellow_bull_adult_side_left_v0,1.0,0.09,0.0,0.04,0.0,80172
yellow_bull_adult_side_right_v0,0.99997,0.091,0.0,0.044,0.0,80171
yellow_bull_calf_front_left_v0,0.99989,0.177,0.0,0.06,0.0,26527
yellow_bull_calf_front_right_v0,0.99985,0.178,0.0,0.072,0.0,26533
yellow_bull_calf_side_left_v0,0.99978,0.204,0.0,0.15,0.007,27990
yellow_bull_calf_side_right_v0,0.99982,0.199,0.0,0.15,0.004,27997
yellow_cow_adult_front_left_v0,0.99998,0.126,0.0,0.041,0.0,41819
yellow_cow_adult_front_right_v0,0.99993,0.13,0.0,0.043,0.0,41827
yellow_cow_adult_side_left_v0,0.99983,0.14,0.0,0.095,0.0,54686
yellow_cow_adult_side_right_v0,0.99978,0.139,0.0,0.093,0.0,54683
yellow_cow_calf_front_left_v0,0.99986,0.364,0.0,0.46,0.0,14340
yellow_cow_calf_front_right_v0,0.99986,0.364,0.0,0.474,0.0,14337
yellow_cow_calf_side_left_v0,0.99969,0.234,0.0,0.155,0.0,16731
yellow_cow_calf_side_right_v0,0.99982,0.227,0.0,0.156,0.0,16716
