name,width_px,height_px,parse_us,raster_us,rgba_bytes
angus_bull_adult_front_v0,384,327,24942,8254,502272
angus_bull_adult_side_v0,481,316,796,3492,607984
angus_bull_calf_front_v0,251,237,840,1979,237948
angus_bull_calf_side_v0,284,215,738,2351,244240
angus_cow_adult_front_v0,339,286,884,3983,387816
angus_cow_adult_side_v0,401,275,4403,5578,441100
angus_cow_calf_front_v0,189,186,1385,7753,140616
angus_cow_calf_side_v0,222,176,1266,3152,156288
buffalo_bull_adult_front_v0,316,362,795,3581,457568
buffalo_bull_adult_side_v0,488,336,1133,5353,655872
buffalo_bull_calf_front_v0,211,239,968,4431,201716
buffalo_bull_calf_side_v0,261,204,3714,5887,212976
buffalo_cow_adult_front_v0,280,314,1867,7138,351680
buffalo_cow_adult_side_v0,405,289,1719,4823,468180
buffalo_cow_calf_front_v0,162,187,1151,2994,121176
buffalo_cow_calf_side_v0,205,167,1128,2144,136940
charolais_bull_adult_front_v0,348,296,809,2569,412032
charolais_bull_adult_side_v0,441,285,762,3408,502740
charolais_bull_calf_front_v0,228,216,686,1979,196992
charolais_bull_calf_side_v0,261,195,545,2182,203580
charolais_cow_adult_front_v0,308,260,704,3145,320320
charolais_cow_adult_side_v0,368,249,840,3009,366528
charolais_cow_calf_front_v0,172,169,620,1309,116272
charolais_cow_calf_side_v0,205,160,456,1708,131200
chocolate_bull_adult_front_v0,270,339,920,2920,366120
chocolate_bull_adult_side_v0,389,290,858,3386,451240
chocolate_bull_calf_front_v0,195,246,920,2581,191880
chocolate_bull_calf_side_v0,232,199,2188,2425,184672
chocolate_cow_adult_front_v0,225,295,690,2591,265500
chocolate_cow_adult_side_v0,326,249,708,3022,324696
chocolate_cow_calf_front_v0,151,192,979,1770,115968
chocolate_cow_calf_side_v0,183,161,832,2190,117852
cottonCandy_bull_adult_front_v0,308,336,964,4911,413952
cottonCandy_bull_adult_side_v0,439,299,1082,6590,525044
cottonCandy_bull_calf_front_v0,204,218,716,2951,177888
cottonCandy_bull_calf_side_v0,251,186,678,3521,186744
cottonCandy_cow_adult_front_v0,273,292,708,3493,318864
cottonCandy_cow_adult_side_v0,366,258,570,3676,377712
cottonCandy_cow_calf_front_v0,156,171,588,2326,106704
cottonCandy_cow_calf_side_v0,197,152,504,2594,119776
cottonCream_bull_adult_front_v0,273,334,541,3372,364728
cottonCream_bull_adult_side_v0,406,274,593,3897,444976
cottonCream_bull_calf_front_v0,195,222,504,2539,173160
cottonCream_bull_calf_side_v0,242,176,593,2664,170368
cottonCream_cow_adult_front_v0,239,284,481,2819,271504
cottonCream_cow_adult_side_v0,340,231,483,4172,314160
cottonCream_cow_calf_front_v0,151,174,876,2449,105096
cottonCream_cow_calf_side_v0,190,144,489,2320,109440
fluffyHolstein_bull_adult_front_v0,296,367,520,4218,434528
fluffyHolstein_bull_adult_side_v0,444,305,514,4153,541680
fluffyHolstein_bull_calf_front_v0,205,243,502,2734,199260
fluffyHolstein_bull_calf_side_v0,262,195,456,3056,204360
fluffyHolstein_cow_adult_front_v0,262,311,559,3663,325928
fluffyHolstein_cow_adult_side_v0,370,256,681,5030,378880
fluffyHolstein_cow_calf_front_v0,158,190,576,2658,120080
fluffyHolstein_cow_calf_side_v0,206,159,495,2577,131016
fluffyWagyu_bull_adult_front_v0,412,373,567,4684,614704
fluffyWagyu_bull_adult_side_v0,503,349,912,6724,702188
fluffyWagyu_bull_calf_front_v0,269,246,920,3035,264696
fluffyWagyu_bull_calf_side_v0,296,223,876,4929,264032
fluffyWagyu_cow_adult_front_v0,364,314,559,3579,457184
fluffyWagyu_cow_adult_side_v0,420,295,571,4363,495600
fluffyWagyu_cow_calf_front_v0,202,192,617,2394,155136
fluffyWagyu_cow_calf_side_v0,231,182,536,2690,168168
galloway_bull_adult_front_v0,412,327,516,3657,538896
galloway_bull_adult_side_v0,503,322,630,4663,647864
galloway_bull_calf_front_v0,269,237,555,2348,255012
galloway_bull_calf_side_v0,296,219,474,2797,259296
galloway_cow_adult_front_v0,364,286,504,2984,416416
galloway_cow_adult_side_v0,420,281,467,3978,472080
galloway_cow_calf_front_v0,202,186,749,2829,150288
galloway_cow_calf_side_v0,231,180,697,2637,166320
glossBlack_bull_adult_front_v0,284,367,694,2696,416912
glossBlack_bull_adult_side_v0,424,305,621,3396,517280
glossBlack_bull_calf_front_v0,205,243,692,2219,199260
glossBlack_bull_calf_side_v0,252,194,518,2158,195552
glossBlack_cow_adult_front_v0,245,311,2390,2460,304780
glossBlack_cow_adult_side_v0,355,256,798,2871,363520
glossBlack_cow_calf_front_v0,158,190,541,1868,120080
glossBlack_cow_calf_side_v0,198,158,435,1826,125136
goldenEar_bull_adult_front_v0,294,334,532,3623,392784
goldenEar_bull_adult_side_v0,445,304,575,4934,541120
goldenEar_bull_calf_front_v0,200,243,571,2909,194400
goldenEar_bull_calf_side_v0,241,209,556,3449,201476
goldenEar_cow_adult_front_v0,255,290,486,3448,295800
goldenEar_cow_adult_side_v0,370,262,569,3977,387760
goldenEar_cow_calf_front_v0,155,189,539,2647,117180
goldenEar_cow_calf_side_v0,190,169,521,3017,128440
highland_bull_adult_front_v0,339,368,411,3809,499008
highland_bull_adult_side_v0,481,332,477,3846,638768
highland_bull_calf_front_v0,223,239,382,2597,213188
highland_bull_calf_side_v0,272,206,338,2640,224128
highland_cow_adult_front_v0,300,319,613,3493,382800
highland_cow_adult_side_v0,401,286,414,3382,458744
highland_cow_calf_front_v0,168,187,404,1903,125664
highland_cow_calf_side_v0,213,168,322,2233,143136
holstein_bull_adult_front_v0,284,367,378,2644,416912
holstein_bull_adult_side_v0,424,305,370,2974,517280
holstein_bull_calf_front_v0,205,243,482,2232,199260
holstein_bull_calf_side_v0,252,194,433,2322,195552
holstein_cow_adult_front_v0,245,311,416,2453,304780
holstein_cow_adult_side_v0,355,256,414,2706,363520
holstein_cow_calf_front_v0,158,190,364,1835,120080
holstein_cow_calf_side_v0,198,158,347,1798,125136
honey_bull_adult_front_v0,294,331,334,2582,389256
honey_bull_adult_side_v0,445,302,343,2940,537560
honey_bull_calf_front_v0,200,218,485,1930,174400
honey_bull_calf_side_v0,241,184,392,2014,177376
honey_cow_adult_front_v0,255,287,349,2580,292740
honey_cow_adult_side_v0,370,261,416,2376,386280
honey_cow_calf_front_v0,155,171,633,1637,106020
honey_cow_calf_side_v0,190,151,321,1934,114760
jersey_bull_adult_front_v0,270,334,309,2249,360720
jersey_bull_adult_side_v0,389,274,373,3126,426344
jersey_bull_calf_front_v0,195,222,354,1467,173160
jersey_bull_calf_side_v0,232,175,295,1899,162400
jersey_cow_adult_front_v0,225,284,311,2145,255600
jersey_cow_adult_side_v0,326,230,363,1944,299920
jersey_cow_calf_front_v0,151,174,414,1344,105096
jersey_cow_calf_side_v0,183,143,315,1683,104676
milkTea_bull_adult_front_v0,287,329,289,2753,377692
milkTea_bull_adult_side_v0,404,288,407,2797,465408
milkTea_bull_calf_front_v0,200,218,417,1783,174400
milkTea_bull_calf_side_v0,241,184,313,1870,177376
milkTea_cow_adult_front_v0,255,278,297,1944,283560
milkTea_cow_adult_side_v0,338,243,387,2412,328536
milkTea_cow_calf_front_v0,155,171,331,1490,106020
milkTea_cow_calf_side_v0,190,151,343,1599,114760
shaggyBuffalo_bull_adult_front_v0,339,362,318,3293,490872
shaggyBuffalo_bull_adult_side_v0,508,338,346,4127,686816
shaggyBuffalo_bull_calf_front_v0,223,239,388,2380,213188
shaggyBuffalo_bull_calf_side_v0,272,206,544,2712,224128
shaggyBuffalo_cow_adult_front_v0,300,314,1805,3043,376800
shaggyBuffalo_cow_adult_side_v0,422,291,462,3817,491208
shaggyBuffalo_cow_calf_front_v0,168,187,542,1933,125664
shaggyBuffalo_cow_calf_side_v0,213,168,427,3005,143136
starry_bull_adult_front_v0,348,340,701,3246,473280
starry_bull_adult_side_v0,441,308,540,4388,543312
starry_bull_calf_front_v0,228,224,525,2303,204288
starry_bull_calf_side_v0,261,197,542,2723,205668
starry_cow_adult_front_v0,308,287,382,2883,353584
starry_cow_adult_side_v0,368,260,423,3375,382720
starry_cow_calf_front_v0,172,175,418,1664,120400
starry_cow_calf_side_v0,205,161,390,2334,132020
strawberry_bull_adult_front_v0,270,339,468,4087,366120
strawberry_bull_adult_side_v0,389,290,638,3958,451240
strawberry_bull_calf_front_v0,195,246,612,2773,191880
strawberry_bull_calf_side_v0,232,199,502,2986,184672
strawberry_cow_adult_front_v0,225,295,595,3554,265500
strawberry_cow_adult_side_v0,326,249,480,3756,324696
strawberry_cow_calf_front_v0,151,192,600,3049,115968
strawberry_cow_calf_side_v0,183,161,475,2508,117852
velvetBlack_bull_adult_front_v0,296,367,424,3047,434528
velvetBlack_bull_adult_side_v0,444,305,315,3145,541680
velvetBlack_bull_calf_front_v0,205,243,348,2362,199260
velvetBlack_bull_calf_side_v0,262,195,385,2717,204360
velvetBlack_cow_adult_front_v0,262,311,345,3610,325928
velvetBlack_cow_adult_side_v0,370,256,366,3253,378880
velvetBlack_cow_calf_front_v0,158,190,353,2117,120080
velvetBlack_cow_calf_side_v0,206,159,327,2310,131016
wagyu_bull_adult_front_v0,384,373,301,2520,572928
wagyu_bull_adult_side_v0,481,343,423,3334,659932
wagyu_bull_calf_front_v0,251,246,566,2120,246984
wagyu_bull_calf_side_v0,284,219,374,2417,248784
wagyu_cow_adult_front_v0,339,314,314,1900,425784
wagyu_cow_adult_side_v0,401,289,313,2726,463556
wagyu_cow_calf_front_v0,189,192,321,2261,145152
wagyu_cow_calf_side_v0,222,179,343,1928,158952
whiteFleece_bull_adult_front_v0,373,296,479,3626,441632
whiteFleece_bull_adult_side_v0,460,291,668,4100,535440
whiteFleece_bull_calf_front_v0,244,216,458,2411,210816
whiteFleece_bull_calf_side_v0,272,199,378,2783,216512
whiteFleece_cow_adult_front_v0,330,260,392,3063,343200
whiteFleece_cow_adult_side_v0,384,254,808,6075,390144
whiteFleece_cow_calf_front_v0,184,169,711,3750,124384
whiteFleece_cow_calf_side_v0,214,163,633,4078,139528
whiteWagyu_bull_adult_front_v0,348,340,568,4158,473280
whiteWagyu_bull_adult_side_v0,441,308,358,3010,543312
whiteWagyu_bull_calf_front_v0,228,224,326,1865,204288
whiteWagyu_bull_calf_side_v0,261,197,324,2031,205668
whiteWagyu_cow_adult_front_v0,308,287,394,2269,353584
whiteWagyu_cow_adult_side_v0,368,260,466,2869,382720
whiteWagyu_cow_calf_front_v0,172,175,389,1469,120400
whiteWagyu_cow_calf_side_v0,205,161,447,1696,132020
yellow_bull_adult_front_v0,316,361,467,2374,456304
yellow_bull_adult_side_v0,441,321,351,2970,566244
yellow_bull_calf_front_v0,211,239,430,2008,201716
yellow_bull_calf_side_v0,261,204,343,2267,212976
yellow_cow_adult_front_v0,280,305,344,2270,341600
yellow_cow_adult_side_v0,368,270,2231,2745,397440
yellow_cow_calf_front_v0,162,187,352,1638,121176
yellow_cow_calf_side_v0,205,167,278,1685,136940
